timestamp,order_id,item_name,quantity,item_price,total_item_price,total_order_price
2020-11-26 14:36:45+00:00,cRnANVYW0q2BZfcZRe6BI4neV,Espresso,1.0,3.5,3.5,9.0
2020-11-26 14:16:30+00:00,O0OtL1W4T4jynVOPqWPPnUmeV,Espresso,1.0,4.0,4.0,10.0
2020-11-26 13:57:05+00:00,C2OrZYeWntxQcjkAXOLm1nieV,Espresso,1.0,4.0,4.0,9.5
2020-11-26 12:51:44+00:00,WosiwVXtaruayAxspEd32M6eV,Espresso,1.0,4.0,4.0,4.0
2020-11-26 12:10:15+00:00,0TmmFa9bm7hkwQeUCbYQi37eV,Espresso,2.0,4.0,7.2,18.0
2020-11-26 10:44:20+00:00,sDQifgGHPdhqt75SXSvvjx9eV,Espresso,1.0,4.0,4.0,8.5
2020-11-26 09:55:35+00:00,YREgsYOTCGBq9uWcfu7Vyd7eV,Espresso,1.0,3.5,3.5,3.5
2020-11-25 16:14:00+00:00,yyIPTFiUzC03OZl8hBk2dzneV,Espresso,1.0,3.5,3.15,17.55
2020-11-25 16:14:00+00:00,yyIPTFiUzC03OZl8hBk2dzneV,Espresso,1.0,4.5,4.05,17.55
2020-11-25 14:43:53+00:00,wdu5IxKMTVnaQtB6DhY8SJ8eV,Espresso,1.0,4.5,4.5,11.0
2020-11-25 13:24:37+00:00,o1GgzMhMpKfuxFxV2CWjTFieV,Espresso,1.0,4.0,4.0,4.0
2020-11-25 11:56:15+00:00,mQAAIS7SfApGhnXcS37bOoseV,Espresso,1.0,4.0,4.0,15.6
2020-11-25 11:17:11+00:00,CUZPwQx8LyjNhfXNSoeyLRqeV,Espresso,1.0,4.0,4.0,19.0
2020-11-25 08:35:00+00:00,iwxQ0aMKoVBqziu3Hi9NtUkeV,Espresso,1.0,4.0,4.0,10.0
2020-11-24 14:39:59+00:00,wPt4cufdACRZp59qCA81lt5eV,Espresso,1.0,4.5,4.5,4.5
2020-11-24 11:38:57+00:00,qW0VQtaRd6BVqXj3j7VeTypeV,Espresso,1.0,4.5,4.5,4.5
2020-11-24 09:40:39+00:00,Saayzv6uNopnBFZHWb6T3q2eV,Espresso,1.0,4.5,4.5,4.5
2020-11-21 16:06:51+00:00,q4zgWLiEIdmWxqJjSS7irmseV,Espresso,1.0,4.0,4.0,14.5
2020-11-21 11:56:01+00:00,g5cLwUeI6PUITQFjIinBAiieV,Espresso,1.0,4.0,4.0,15.5
2020-11-21 11:12:42+00:00,cfWc30UgKhrqhloz8dAbFj7eV,Espresso,1.0,4.0,3.6,3.6
2020-11-21 09:53:24+00:00,qEdCYESwbaHHSKHloOflnqseV,Espresso,1.0,4.0,4.0,8.5
2020-11-20 16:50:25+00:00,0hJwhHUY5NwLqyofmjf6xyseV,Espresso,1.0,4.0,4.0,4.0
2020-11-20 14:56:16+00:00,GSvhvulpNYvKglO6n49WdS3eV,Espresso,1.0,3.5,3.5,19.0
2020-11-20 13:41:51+00:00,2UARy5EzcIOIvrJHSiQm8IgeV,Espresso,1.0,4.0,4.0,4.0
2020-11-20 13:39:49+00:00,uSdDgraQvMHlKyQWcLqwv11eV,Espresso,1.0,4.0,4.0,4.0
2020-11-20 11:42:48+00:00,CgHNrp6Nk7Zx9ssShrZCHTheV,Espresso,1.0,3.5,3.5,8.5
2020-11-20 08:32:29+00:00,4pGtPM93605jBOM2jKPcycyeV,Espresso,1.0,3.5,3.5,13.5
2020-11-20 08:25:39+00:00,Sy0VBdLHosd6oxIPZyMipz0eV,Espresso,1.0,4.0,4.0,4.0
2020-11-19 15:42:04+00:00,eavI6E8w18H6ErwJSn3iYO3eV,Espresso,1.0,4.5,4.5,4.5
2020-11-19 15:18:35+00:00,2g8kmbHV5KHHkaDewaBw7m3eV,Espresso,1.0,4.0,4.0,7.8
2020-11-19 11:14:55+00:00,0BlSjrpvy4pPeyzMNykk0MveV,Espresso,1.0,4.5,4.5,4.5
2020-11-19 08:41:00+00:00,wVwI2x25b2DrvrDxNNMTFsleV,Espresso,1.0,3.5,3.15,9.9
2020-11-18 14:59:24+00:00,MtrhJpWZa7zAfhlfQ0DYjrteV,Espresso,1.0,4.0,4.0,4.0
2020-11-18 13:14:08+00:00,IhQGpxwBXBImHEivq9t3djheV,Espresso,1.0,4.0,4.0,31.0
2020-11-18 11:14:28+00:00,iYpo1HPf80ibA4adRfGkShseV,Espresso,1.0,3.5,3.5,3.5
2020-11-18 08:12:14+00:00,w5wlVD2QaXgGUpoi9h2Ob4veV,Espresso,1.0,3.5,3.5,3.5
2020-11-17 14:16:56+00:00,Qvt0ACHE8XRUrwqHvutM0I6eV,Espresso,1.0,4.0,4.0,4.0
2020-11-17 13:48:16+00:00,kH0SF1f5kb8AiwbsXbHyyxieV,Espresso,1.0,4.0,4.0,10.0
2020-11-17 12:17:03+00:00,OAyU5oFqM3WcdcWK03n1qMleV,Espresso,1.0,4.0,4.0,8.5
2020-11-17 11:42:56+00:00,e6ZP7KSguMP5k13bBl4xTOveV,Espresso,1.0,3.5,3.5,9.3
2020-11-17 11:27:21+00:00,amcdl5eJ1kU1bmb40WZbexoeV,Espresso,1.0,4.0,3.6,24.75
2020-11-17 11:09:29+00:00,AvfT6TWOo9fbrnIr3R4DEMqeV,Espresso,1.0,4.5,4.5,4.5
2020-11-15 14:58:04+00:00,MXI17YnvV4olX4y9vsG2UzgeV,Espresso,1.0,4.5,4.5,7.5
2020-11-14 16:35:11+00:00,Gu7ETLvvCkThS98ROLpOH9ueV,Espresso,1.0,3.5,3.5,63.5
2020-11-14 13:45:00+00:00,mUSWfCPSWQ7W80dG9dzv5ayeV,Espresso,1.0,3.5,3.5,41.0
2020-11-14 13:45:00+00:00,mUSWfCPSWQ7W80dG9dzv5ayeV,Espresso,1.0,4.0,4.0,41.0
2020-11-14 12:24:59+00:00,EZ7xzBw5jiwFM4Z0eNjCUv6eV,Espresso,1.0,4.0,4.0,9.5
2020-11-14 12:03:37+00:00,ANQiJDYFnUxC5Y87KvfMti7eV,Espresso,1.0,5.5,5.5,17.5
2020-11-14 11:50:43+00:00,oXRxbRkGNxsaYHCnvRdHLxfeV,Espresso,1.0,3.5,3.5,25.0
2020-11-14 11:17:32+00:00,60X3LFE5dA5HDCP0I2JeiB4eV,Espresso,1.0,4.5,4.5,11.5
2020-11-14 10:31:23+00:00,A1CnwPluvNoO7celACAD6E8eV,Espresso,2.0,4.0,8.0,31.0
2020-11-14 09:52:50+00:00,kbCeuBkpEtqbKFzmQH0zNWreV,Espresso,1.0,4.5,4.5,23.5
2020-11-14 09:52:50+00:00,kbCeuBkpEtqbKFzmQH0zNWreV,Espresso,1.0,4.0,4.0,23.5
2020-11-13 12:00:47+00:00,iktdM70ORs5zUEk046aieHfeV,Espresso,1.0,4.5,4.5,4.5
2020-11-12 16:04:10+00:00,ovvmj056kA3SCXJXZvdRiVleV,Espresso,1.0,4.5,4.5,4.5
2020-11-12 14:10:32+00:00,0V7Ml7f39CEyDNGGnMI5vP0eV,Espresso,1.0,4.0,3.6,13.5
2020-11-11 15:50:07+00:00,WQOL9hIHIF1aptfgIKKuUdAfV,Espresso,1.0,4.5,4.5,10.5
2020-11-11 14:46:04+00:00,qYzqDRMRsN1pON1VUoCijageV,Espresso,1.0,4.0,4.0,10.5
2020-11-11 13:26:46+00:00,Y3zqQtV9x2e1Wt14a8CstPieV,Espresso,1.0,4.0,4.0,17.0
2020-11-11 12:20:12+00:00,IFwjG2qApsHa0FY55klgLqfeV,Espresso,1.0,4.5,4.05,21.15
2020-11-11 08:33:28+00:00,mO5P7pgdlj8FL63XiFDtvSAfV,Espresso,1.0,3.5,3.15,3.15
2020-11-10 14:15:59+00:00,g7VnwYemlwlxSBTb4od3OmieV,Espresso,1.0,4.5,4.05,18.45
2020-11-10 13:43:42+00:00,4dy8ySIejUdwOTSIEYJhfpmeV,Espresso,1.0,4.0,4.0,9.5
2020-11-10 08:40:20+00:00,k3OFAkACcheHN5x3GW3b8RseV,Espresso,1.0,4.0,4.0,9.5
2020-11-08 16:21:57+00:00,eih7IgoReGjUR0v8FTmiEU5eV,Espresso,1.0,4.0,4.0,21.0
2020-11-08 16:08:31+00:00,aKuDGi9xMv1dMPrXN0bxmm8eV,Espresso,1.0,4.0,4.0,10.0
2020-11-08 15:39:56+00:00,COQck2BLQLPf7526kJvvzJreV,Espresso,1.0,4.0,4.0,17.3
2020-11-08 11:48:32+00:00,4nZZa3YsDl248zg9E9G1iwweV,Espresso,1.0,4.0,4.0,47.5
2020-11-08 10:28:48+00:00,6i8QwFJ7H6EbH951I6Ob4Z9eV,Espresso,1.0,4.0,4.0,9.5
2020-11-07 13:01:08+00:00,SuMqJf9qsGpj7dLhZccKkO8eV,Espresso,1.0,4.0,3.6,32.849999999999994
2020-11-07 12:06:49+00:00,yKIh5Q3isoHTsZMXfALuDuieV,Espresso,1.0,4.5,4.5,11.0
2020-11-07 12:04:20+00:00,Ky8YRhvaJRPEf9sG3cP6mCkeV,Espresso,1.0,3.5,3.5,3.5
2020-11-07 11:12:53+00:00,GgEINnm6tTDhD7bjDfkmMK0eV,Espresso,1.0,3.5,3.5,10.0
2020-11-07 11:10:00+00:00,gFmlsqLEX24z5bkJQVM3qOmeV,Espresso,1.0,4.0,4.0,22.5
2020-11-07 10:47:58+00:00,KqqBn0dStEwzRQrH7vaTdOAfV,Espresso,1.0,4.0,4.0,11.0
2020-11-06 15:08:47+00:00,um31xp6q5jZJhU0NxJZu9pueV,Espresso,1.0,3.5,3.5,9.0
2020-11-05 15:10:39+00:00,yQdevi9Xo2lGCJrMqWWvS6qeV,Espresso,1.0,4.0,4.0,21.5
2020-11-05 12:33:14+00:00,yUPm3sCBsTkAFEwoqY3YZs8eV,Espresso,1.0,4.5,4.5,16.5
2020-11-05 10:42:08+00:00,wVWVT1QP4NfdvnxcPX5hb9reV,Espresso,1.0,4.5,4.5,4.5
2020-11-05 09:23:33+00:00,c30j2omUDAMKnqwSZ6ndCsjeV,Espresso,1.0,4.0,4.0,11.5
2020-11-05 09:18:50+00:00,C0joAfcExU91JHE8rPWTXsneV,Espresso,1.0,4.0,4.0,4.0
2020-11-04 13:39:02+00:00,kXMYKcpzg6YJjlV4UCzTaiueV,Espresso,1.0,4.5,4.5,4.5
2020-11-04 10:42:16+00:00,IBObGYQUhKnC028DYzGQx72eV,Espresso,1.0,4.0,4.0,4.0
2020-11-04 10:27:36+00:00,obN6fo80T6BSCivLlpcvOBheV,Espresso,1.0,3.5,3.5,8.0
2020-11-04 08:17:24+00:00,E5HNci08psUuOKBKhmXiYuheV,Espresso,1.0,3.5,3.15,3.15
2020-11-03 16:07:02+00:00,wxeCly0HxynCKXJMR7HYsureV,Espresso,1.0,4.0,3.6,8.55
2020-11-03 15:16:46+00:00,mu70xJSsBldAexTbG6VPTJzeV,Espresso,1.0,4.0,4.0,8.5
2020-11-03 14:47:12+00:00,YJ2DeVHmnu8smsldKUCc4l8eV,Espresso,1.0,3.5,3.5,15.0
2020-11-03 13:32:52+00:00,ozzbzhaMHj3qGc6usrGblW2eV,Espresso,1.0,4.5,4.5,4.5
2020-11-03 12:09:59+00:00,oBUYn5TQJna5VAqQ5whz0qAfV,Espresso,1.0,4.5,4.5,10.5
2020-11-03 12:04:16+00:00,8hf2GLmR12lcx81vH29LTuAfV,Espresso,1.0,4.5,4.5,9.0
2020-11-03 09:12:10+00:00,g7fqngGB7egC4vrXlFK5AZqeV,Espresso,1.0,3.5,3.5,9.0
2020-11-01 14:54:19+00:00,8HKmw7qgseuKFxacFBhdiHneV,Espresso,1.0,4.5,4.5,11.0
2020-11-01 13:45:46+00:00,8LUKQTgfV5ujpVoIO3SjtuweV,Espresso,2.0,4.0,8.0,8.0
2020-11-01 12:30:53+00:00,0RtUS6XutJNenHnhFwUApTkeV,Espresso,1.0,4.0,4.0,4.0
2020-11-01 11:51:22+00:00,gN2f6qcTt2ZqUOrbqRFrm6zeV,Espresso,1.0,4.0,4.0,56.0
2020-11-01 11:19:17+00:00,0LgH8nkEBOj9llrLUF2Xr4peV,Espresso,1.0,4.0,4.0,9.5
2020-10-31 13:42:42+00:00,WulLTtMa8boX4ZXC2NBP5WteV,Espresso,1.0,3.5,3.5,15.0
2020-10-31 13:42:42+00:00,WulLTtMa8boX4ZXC2NBP5WteV,Espresso,1.0,4.0,4.0,15.0
2020-10-31 10:50:02+00:00,orvBSv6aHmi9kjdhq2n67q8eV,Espresso,1.0,4.5,4.5,9.5
2020-10-31 09:33:15+00:00,mQKbtTFg30n35xMSjqCL7Y7eV,Espresso,1.0,4.5,4.5,23.0
2020-10-30 13:36:28+00:00,WgESj804MVpCFyvzpXpV1tAfV,Espresso,1.0,4.5,4.5,4.5
2020-10-29 15:51:02+00:00,0jURHNPIJk6t2Nkpv48Mt45eV,Espresso,1.0,4.5,4.5,4.5
2020-10-29 10:58:02+00:00,UppaDoW5QACEDHOhFdMy9fseV,Espresso,1.0,3.5,3.5,3.5
2020-10-29 10:56:33+00:00,Wconyrk62mM0w6hwuAohstqeV,Espresso,1.0,3.5,3.5,3.5
2020-10-29 10:32:18+00:00,8niOcyxD7IYlWvuuKcLxLwieV,Espresso,1.0,4.0,4.0,16.0
2020-10-29 10:29:27+00:00,EnEODqkcgD5gVzC4vHkTvP4eV,Espresso,1.0,4.0,4.0,9.5
2020-10-29 08:16:21+00:00,6gdDLUKUYWRkudQ3u6ZadCpeV,Espresso,2.0,4.0,8.0,21.0
2020-10-28 14:32:46+00:00,Y5a9eMD9NdxyZgvHRC9iAgqeV,Espresso,1.0,4.0,4.0,4.0
2020-10-28 13:54:48+00:00,4ZI4MHKY27FRLBc2oRkC7tveV,Espresso,1.0,4.5,4.5,4.5
2020-10-28 11:58:01+00:00,wbv8RDJRiexOojBpkVm4yfqeV,Espresso,1.0,3.5,3.5,9.0
2020-10-28 08:38:05+00:00,SGgIsIikD7tQ7IhD7cHG896eV,Espresso,1.0,4.0,4.0,10.0
2020-10-27 16:19:50+00:00,C01H1QWgXy1I36iDrlZjA99eV,Espresso,1.0,4.0,4.0,11.0
2020-10-27 14:36:04+00:00,KKG94VGCcCnVqyZ5PKPPtU1eV,Espresso,1.0,4.0,3.6,3.6
2020-10-27 14:04:31+00:00,8FTPs2fEMXoKqw4rMrfGOOyeV,Espresso,1.0,4.0,3.6,15.3
2020-10-27 11:17:57+00:00,SQnB8usVQ6oauh5EdxM5rEueV,Espresso,1.0,4.0,4.0,4.0
2020-10-27 11:12:05+00:00,o1KmdcB5bHElbVCWSrP2CYveV,Espresso,1.0,4.0,4.0,11.0
2020-10-27 09:38:21+00:00,S4lsRJX37leZfz0hwpLvTB7eV,Espresso,1.0,3.5,3.5,20.0
2020-10-27 08:28:17+00:00,Ynfi5kefgIT9UJUQfuW5IwweV,Espresso,1.0,4.0,4.0,14.5
2020-10-25 15:30:38+00:00,0fEe1JqLNzbCcbcBnYoV5OseV,Espresso,1.0,4.0,3.6,14.4
2020-10-25 14:33:31+00:00,MHqmlEoqTKjusEExmq6bprzeV,Espresso,1.0,4.0,4.0,10.5
2020-10-25 13:54:01+00:00,yqsHppNPWeid9l7ioXh4Ef4eV,Espresso,1.0,4.0,4.0,11.5
2020-10-25 13:44:12+00:00,0Z3VfNrp0vNnBBs81Sp7zx3eV,Espresso,1.0,4.0,3.6,15.3
2020-10-25 12:55:34+00:00,8PMXhVFSfoBGmdXwDfooJMweV,Espresso,1.0,3.5,3.5,13.0
2020-10-25 12:55:34+00:00,8PMXhVFSfoBGmdXwDfooJMweV,Espresso,1.0,4.0,4.0,13.0
2020-10-24 15:27:29+00:00,kN36HA31ma17Dvsl6gubQggeV,Espresso,1.0,4.0,4.0,4.0
2020-10-24 15:20:37+00:00,GWzCboZsXd8B1VHxQzNYffqeV,Espresso,1.0,4.5,4.5,12.0
2020-10-24 13:41:08+00:00,mgajBgxLykEPDpiMEr0MT08eV,Espresso,1.0,4.0,4.0,15.0
2020-10-24 12:05:37+00:00,acXH068gp3Y6SrVUKMJrTMneV,Espresso,1.0,4.0,4.0,9.5
2020-10-24 10:19:50+00:00,SOSZRqR0lOmIFXis5zlfDVfeV,Espresso,1.0,4.5,4.5,10.0
2020-10-23 14:48:42+00:00,eyXMTPc7rrcfuuPutDOG1h5eV,Espresso,1.0,4.5,4.5,19.5
2020-10-23 13:30:33+00:00,qcTV15hKzn6RSv5yszdnWvoeV,Espresso,1.0,3.5,3.5,15.0
2020-10-23 11:01:28+00:00,Kao2WtqPNGYUU09wk7306K1eV,Espresso,1.0,3.5,3.15,14.85
2020-10-23 10:46:24+00:00,Ib9oWhOUzslpr5d7JbmS7H6eV,Espresso,1.0,4.0,4.0,21.0
2020-10-23 08:41:25+00:00,cJNfYSZe5beNKi7Ipyq27cAfV,Espresso,1.0,4.5,4.5,4.5
2020-10-22 15:35:18+00:00,ALBL9DXPno9sXqj0Gdp8x2ueV,Espresso,1.0,3.5,3.5,19.0
2020-10-22 15:18:33+00:00,oPnUSX2zk0KBESnv6exfGq7eV,Espresso,1.0,3.5,3.5,3.5
2020-10-22 15:15:29+00:00,a6qt6gmnRZtOgp2yremyMa8eV,Espresso,1.0,4.0,4.0,4.0
2020-10-22 14:24:31+00:00,crONJXOHCWkl3UpSM8E2YNoeV,Espresso,1.0,4.0,4.0,28.5
2020-10-22 13:25:11+00:00,K49ZwyqAeB9fhe1By7phgixeV,Espresso,2.0,3.5,6.3,6.3
2020-10-22 12:57:17+00:00,AnfBQJlK9CNecTyBMSXhKbxeV,Espresso,1.0,3.5,3.5,19.0
2020-10-22 10:27:14+00:00,SEtZjdE5JQp7wSdxPa1OxHgeV,Espresso,1.0,3.5,3.5,3.5
2020-10-22 09:25:53+00:00,YDbTmmNLJs0e6oEHSAk4L1leV,Espresso,1.0,4.0,3.6,3.6
2020-10-20 15:41:42+00:00,QfD5dxO2N040hcZuqD6rKlleV,Espresso,1.0,3.5,3.5,13.0
2020-10-20 15:41:42+00:00,QfD5dxO2N040hcZuqD6rKlleV,Espresso,1.0,4.0,4.0,13.0
2020-10-20 13:54:27+00:00,kTQpbzKRTiFNbprY62U69JAfV,Espresso,1.0,4.0,3.6,18.9
2020-10-20 10:41:51+00:00,U1BfvBleglzajxHfuS1HYbzeV,Espresso,1.0,4.0,4.0,24.5
2020-10-20 09:27:48+00:00,KUjR0Ru900qPHK7QCB7JPFfeV,Espresso,1.0,4.0,4.0,10.0
2020-10-20 09:09:19+00:00,kDWKWaomvjp8idW0yg6Y73zeV,Espresso,1.0,3.5,3.5,20.5
2020-10-18 16:04:03+00:00,4B0OdZKy4MSclgNmAdnjZUAfV,Espresso,1.0,4.5,4.5,4.5
2020-10-18 09:25:52+00:00,mOZJucmRtGTEl5hI7wA5QvweV,Espresso,1.0,4.5,4.5,58.5
2020-10-17 18:51:40+00:00,oxYeTHrF3htUJYu8sRSqSPjeV,Espresso,1.0,3.5,3.5,3.5
2020-10-17 16:30:13+00:00,MJzefiRce86Lc2KnuPO1oS8eV,Espresso,1.0,4.0,4.0,10.0
2020-10-17 16:28:59+00:00,eeJeX0Qxhwfk3Pel1PFq5DleV,Espresso,1.0,4.0,3.6,14.4
2020-10-17 16:11:05+00:00,Mb21Gx0Utxa8SoZ2Jc0c9ZneV,Espresso,1.0,4.0,4.0,8.5
2020-10-17 15:51:57+00:00,igdO8rRTNaouCldGba8otqeeV,Espresso,1.0,4.0,4.0,4.0
2020-10-17 14:55:01+00:00,CiaCNncJOlmkSQxsAs9aKc4eV,Espresso,1.0,3.5,3.5,9.0
2020-10-17 13:41:18+00:00,gnxU5I5n336DlI0VZQiBonueV,Espresso,1.0,4.0,4.0,4.0
2020-10-17 11:36:52+00:00,093qUE3shuwIkjT3bO472vreV,Espresso,1.0,4.0,4.0,4.0
2020-10-17 10:18:52+00:00,ee5WdtFMNBr70PZWm4RjUe2eV,Espresso,1.0,4.0,4.0,9.5
2020-10-16 13:35:16+00:00,8Zz0D14uo6fJqgFOqfrq4YneV,Espresso,1.0,4.5,4.5,15.0
2020-10-16 10:33:12+00:00,krwZ0a8FVCMdOZ1TMbOy2PieV,Espresso,1.0,4.0,4.0,12.0
2020-10-16 09:30:59+00:00,a2YjTFICwUIwHgsSdFtiCFgeV,Espresso,1.0,4.0,4.0,4.0
2020-10-15 12:28:33+00:00,spxJHeRT5vzsm2qcV1YtY5meV,Espresso,1.0,3.5,3.5,11.0
2020-10-15 11:30:15+00:00,eAie5mSYwY52pZ4YgOUCaUmeV,Espresso,1.0,4.0,4.0,4.0
2020-10-15 11:18:01+00:00,ERNEBuQZWYKM3n2dBCz82EgeV,Espresso,1.0,3.5,3.15,8.55
2020-10-15 10:34:28+00:00,yauQLx9NDOpQ1C3Un4JSgHseV,Espresso,1.0,3.5,3.5,3.5
2020-10-14 14:18:22+00:00,yekU4rQLfsJe0e7Abfstj5peV,Espresso,1.0,4.5,4.05,16.65
2020-10-14 14:17:39+00:00,wxKg5mSPYNeOayqTiwwsUfoeV,Espresso,1.0,3.5,3.5,20.0
2020-10-14 12:09:53+00:00,gj7Gl92TAKZ92pN5P2w9OpneV,Espresso,1.0,4.0,4.0,4.0
2020-10-14 10:49:46+00:00,eMCHD61is2KYJvB5vMCRiUzeV,Espresso,1.0,4.0,4.0,8.5
2020-10-14 09:20:33+00:00,wJ6s4Py6yCxdTmF3mLVYp5eeV,Espresso,1.0,3.5,3.15,7.1999999999999975
2020-10-14 09:20:33+00:00,wJ6s4Py6yCxdTmF3mLVYp5eeV,Espresso,1.0,4.5,4.05,7.1999999999999975
2020-10-13 14:55:47+00:00,2AepymjzRc4lw0M1P4LBbYieV,Espresso,1.0,4.0,3.6,25.20000000000001
2020-10-13 14:36:16+00:00,imEyNp01vqtCQuqGaA45k2neV,Espresso,1.0,4.0,4.0,16.3
2020-10-13 14:33:11+00:00,85fWdFm56zXHdtCJcI06idgeV,Espresso,1.0,4.5,4.5,4.5
2020-10-13 13:48:24+00:00,cRNdqxwOGV1IrovZnMximKheV,Espresso,1.0,4.0,3.6,13.95
2020-10-13 11:20:45+00:00,M7oK6yk8A3pvcMCA2XOfg7zeV,Espresso,1.0,4.5,4.5,8.5
2020-10-13 11:19:35+00:00,QxU3iFYSjBNUWWKN26ou6skeV,Espresso,1.0,3.5,3.5,7.5
2020-10-13 11:19:35+00:00,QxU3iFYSjBNUWWKN26ou6skeV,Espresso,1.0,4.0,4.0,7.5
2020-10-13 11:16:01+00:00,wbT6vHdLVvNsXma0IvLTrWueV,Espresso,1.0,4.0,3.6,3.6
2020-10-13 10:26:56+00:00,YteiyAodSkEL9xpScyKTg8zeV,Espresso,1.0,4.0,4.0,4.0
2020-10-13 09:20:29+00:00,6wPSWhvrzr9J0MDfSLb4z07eV,Espresso,1.0,4.5,4.5,25.5
2020-10-13 09:02:33+00:00,2MsxYyq25ZWnytMWOC1vtHqeV,Espresso,1.0,4.0,4.0,30.4
2020-10-13 08:29:13+00:00,yOOLFQV26fK3J6EK8DjlBzreV,Espresso,1.0,4.0,4.0,15.0
2020-10-11 12:28:05+00:00,AtGJt0I8BvKi0HRr0gSfg6xeV,Espresso,1.0,3.5,3.5,10.0
2020-10-11 10:40:22+00:00,8Hg9yHrdbpgpBXH8SYG31xpeV,Espresso,1.0,4.0,4.0,63.5
2020-10-11 10:11:04+00:00,mSxQU4wqaoNO58RhOJgCCrmeV,Espresso,1.0,3.5,3.5,14.0
2020-10-10 17:09:24+00:00,eSlNKimN904m0tCJEv3tX6neV,Espresso,1.0,4.0,4.0,10.0
2020-10-10 15:40:27+00:00,uIqWZN8IaSjKRqKINOjyYIneV,Espresso,1.0,3.5,3.5,33.5
2020-10-10 14:32:33+00:00,0beGq3JEitUHutGWJ7DCNu7eV,Espresso,1.0,4.0,4.0,29.5
2020-10-10 14:10:32+00:00,IVEXLNS8Q094BeUBsEYN1EneV,Espresso,1.0,3.5,3.5,10.0
2020-10-10 13:21:37+00:00,CI3f5FZI6a9oC8BH3qLfQGzeV,Espresso,1.0,3.5,3.15,10.8
2020-10-10 11:44:33+00:00,M9d4ev01iLbLoXYBXzXDjb7eV,Espresso,1.0,4.0,4.0,10.0
2020-10-10 11:12:48+00:00,8H4HNTqnay9wq4XoDuBk9uoeV,Espresso,1.0,4.0,4.0,10.0
2020-10-10 11:11:49+00:00,wReO3QvBOWVnITOuslHZk7keV,Espresso,1.0,4.0,4.0,12.0
2020-10-10 10:56:59+00:00,cRPKA3HIXzNHoPxNt6NCZ9leV,Espresso,1.0,3.5,3.5,10.0
2020-10-10 10:53:47+00:00,2gIsD9Zv3f3nZZBWn6DH2o5eV,Espresso,1.0,4.5,4.5,21.0
2020-10-09 18:29:53+00:00,e8WfOj8Xor4Uah8sABfgpvieV,Espresso,1.0,3.5,3.5,20.0
2020-10-09 15:40:04+00:00,ea3EUh93eYNK2q1OXFL9qByeV,Espresso,1.0,4.0,4.0,21.3
2020-10-09 12:43:35+00:00,6o1NdXRXBLQy6XHkQ6KG6G6eV,Espresso,1.0,4.0,3.6,15.3
2020-10-09 11:14:17+00:00,cHqYBC2MMoEGsFvBdO9NMg7eV,Espresso,1.0,4.0,4.0,10.5
2020-10-09 11:00:56+00:00,S0Fprxwu0ogentfS9Jbh2yneV,Espresso,1.0,3.5,3.5,32.0
2020-10-08 19:17:33+00:00,IDN24g7xNEBYAmd7m6tLocpeV,Espresso,1.0,3.5,0.0,0.0
2020-10-08 12:07:21+00:00,Ilc3VmdFJQqopnxSQwuAvtkeV,Espresso,1.0,3.5,3.15,8.55
2020-10-06 15:42:00+00:00,YzztNJGAMHMnPUmJXiaHsDweV,Espresso,1.0,3.5,3.5,7.5
2020-10-06 15:42:00+00:00,YzztNJGAMHMnPUmJXiaHsDweV,Espresso,1.0,4.0,4.0,7.5
2020-10-06 14:06:18+00:00,2CfvBSKcvOIuvxYBvyYA4e0eV,Espresso,1.0,4.0,3.6,14.4
2020-10-06 13:35:26+00:00,uQUp3wiiSlXRCqUTqH4VmK0eV,Espresso,1.0,3.5,3.5,9.5
2020-10-06 13:15:27+00:00,q0Nmel4miEtTel0aZiqu6hjeV,Espresso,1.0,4.5,4.5,4.5
2020-10-06 11:46:43+00:00,2UgFo5tipSgCCmMxVMNFQ0leV,Espresso,1.0,4.0,4.0,4.0
2020-10-06 11:38:44+00:00,ERTxUtEhqP3FR1XcpV5nkPoeV,Espresso,1.0,4.0,4.0,11.5
2020-10-06 11:23:06+00:00,89RGjG8xpX8gb6Ah1NbN2wkeV,Espresso,1.0,4.0,3.6,36.0
2020-10-04 15:44:31+00:00,U7Iry4NTl1raoTqlSWGQYq9eV,Espresso,1.0,3.5,3.15,16.65
2020-10-04 12:18:02+00:00,m0U5kAG8nGM6wdlJX7q4RbweV,Espresso,1.0,3.5,3.5,10.0
2020-10-04 11:58:07+00:00,K8pOQotEs9BNuIBXbewEiI3eV,Espresso,1.0,4.0,4.0,8.5
2020-10-03 16:43:03+00:00,QtMubnqMETO05dvF35AxUDzeV,Espresso,1.0,3.5,3.15,21.6
2020-10-03 16:01:22+00:00,Q9aTOGjVxF2Wm22nVMbZOxteV,Espresso,1.0,4.0,3.6,38.97
2020-10-03 15:04:44+00:00,q20laChZUFvmvI6NndbIrp5eV,Espresso,1.0,4.5,4.5,27.0
2020-10-03 12:47:22+00:00,0zkbGr70wbvDke8HNYJuJX9eV,Espresso,1.0,4.0,4.0,4.0
2020-10-03 09:54:49+00:00,SeqDYz6NNGjM8dx8urVWb42eV,Espresso,1.0,4.0,4.0,4.0
2020-10-03 09:22:32+00:00,60jnGscOY7S85z8NJMCrgdieV,Espresso,1.0,4.0,4.0,18.5
2020-10-02 21:31:47+00:00,8JzWMWyCephUVJ6aaxfvnvteV,Espresso,1.0,4.0,4.0,8.5
2020-10-02 21:30:44+00:00,uKVFmfXKvyccb0vMbsnuF87eV,Espresso,1.0,4.0,4.0,14.0
2020-10-02 15:53:36+00:00,MfSgRLs77LYvzi06kcvdWfteV,Espresso,1.0,3.5,3.5,37.0
2020-10-01 14:43:09+00:00,8L88zbLVBIncoCHiqkfcHNfeV,Espresso,1.0,4.0,4.0,8.5
2020-10-01 09:56:52+00:00,U9HIR6eOxokTYFZwgqLDDFoeV,Espresso,1.0,4.0,4.0,9.5
2020-09-30 15:38:47+00:00,YxAuQAWenezw8WsG5IPO3GveV,Espresso,1.0,3.5,3.5,132.6
2020-09-30 12:00:49+00:00,olGyETSWwsUIpIN46YAMlr0eV,Espresso,1.0,4.0,4.0,4.0
2020-09-30 11:29:08+00:00,M36SJuAToCZYClnUEErAiIteV,Espresso,1.0,4.0,4.0,16.5
2020-09-30 10:06:56+00:00,GsuQCgsuEpjfH5eUesBXenpeV,Espresso,1.0,4.0,4.0,15.0
2020-09-30 09:57:55+00:00,qojOBk2my5ZY2WmEaqulvf6eV,Espresso,1.0,4.0,4.0,9.5
2020-09-29 19:21:27+00:00,OwIVMpj7UFD8ZRFBFHRCWVzeV,Espresso,2.0,3.5,7.0,12.5
2020-09-29 17:37:11+00:00,OgcJZEmlWX3HuxgeCqX9PqgeV,Espresso,2.0,4.0,8.0,79.8
2020-09-29 16:35:03+00:00,qOQj9OlMk1eofVJNvQ8fqlzeV,Espresso,1.0,4.0,4.0,23.5
2020-09-29 13:31:35+00:00,WQ6bm3APUMJJrKmPpEUtpu2eV,Espresso,1.0,3.5,3.5,42.0
2020-09-29 12:15:56+00:00,YFGCthEk2tPO8biXfKdBC7ueV,Espresso,1.0,4.0,4.0,8.0
2020-09-29 11:24:48+00:00,GQ8euWmFKKdjjyf46MyoGq3eV,Espresso,2.0,4.0,8.0,18.0
2020-09-29 10:39:37+00:00,qqUWDBiLilVeItgA1OOQIDxeV,Espresso,1.0,4.0,4.0,4.0
2020-09-29 10:10:14+00:00,09zifvznSnJ8wjt5Tdus4dieV,Espresso,1.0,3.5,3.5,9.0
2020-09-27 11:25:06+00:00,yeQag7eEcBMnzaMq2MF8ILheV,Espresso,1.0,4.0,4.0,20.0
2020-09-27 09:20:17+00:00,UhV4onTeGAZ6JzuwlpglxZgeV,Espresso,1.0,3.5,3.5,8.0
2020-09-25 15:04:40+00:00,ola2BP0UycZYTBRkf5BUj2meV,Espresso,2.0,4.0,8.0,8.0
2020-04-21 12:42:08+00:00,Wi3fr57nAjqo3b8mRIHvAY7eV,Espresso,1.0,4.0,4.0,14.0
2020-04-21 12:32:59+00:00,QP7XkrrpWAOdnad7ePwGHr2eV,Espresso,1.0,4.0,3.96,18.8
2020-04-20 14:35:17+00:00,Idc7AFIwhlzFiLsoXKdjmT5eV,Espresso,1.0,3.5,3.5,3.5
2020-04-20 13:49:53+00:00,g1QcviePc8iHOGKvCeo2ww9eV,Espresso,1.0,4.0,4.0,4.0
2020-04-17 13:23:39+00:00,8JnyP1ndDBYkSMtRIBUbMNleV,Espresso,1.0,5.0,4.5,9.9
2020-04-16 12:45:18+00:00,8NJQoy9NoOkQiV9LxmY3fXgeV,Espresso,1.0,3.5,3.5,28.5
2020-04-15 16:57:00+00:00,Qfrz4lqCSIcS17Ena8FlW7leV,Espresso,2.0,3.5,7.0,47.0
2020-04-15 14:16:53+00:00,mWBhP5j0oEKuiPFLSG2cp31eV,Espresso,1.0,5.0,5.0,5.0
2020-04-14 10:27:24+00:00,yUzAZxzUgZu6HYLvQ1S6gVueV,Espresso,1.0,4.0,4.0,4.0
2020-04-13 12:40:45+00:00,KCkUBSLgCKbyWcPA2tHbeTreV,Espresso,1.0,4.0,4.0,4.0
2020-04-09 12:33:09+00:00,gXbtpk9UzsVVCiU7NX6276xeV,Espresso,1.0,5.0,5.0,5.0
2020-04-08 11:16:47+00:00,qkpWXkDzT7quU4oy5s7UB0xeV,Espresso,1.0,4.0,3.0,6.38
2020-04-07 12:22:58+00:00,A1MYa7AziSKzfiRXeUrNvB2eV,Espresso,1.0,4.0,3.6,3.6
2020-04-06 14:49:58+00:00,Y3VzMBLLz1qsUYdbKY2tllAfV,Espresso,1.0,4.0,3.91,8.3
2020-04-06 12:19:57+00:00,ii6OR9LG5uoxJ9ktgOcgMgkeV,Espresso,1.0,4.0,4.0,14.0
2020-04-03 15:19:57+00:00,i2SFjCVfBsiapnmpX3SmLU2eV,Espresso,2.0,3.5,7.0,7.0
2020-04-03 14:27:46+00:00,4z3poHFcCW5LjoUtSiZ1v96eV,Espresso,1.0,4.0,0.0,0.0
2020-04-02 16:03:11+00:00,0D8hBRdwOQxqzlxzDrxqeAreV,Espresso,1.0,4.0,3.94,13.8
2020-04-01 11:42:17+00:00,2K90FeWoenhGn6ZVV9b5YRteV,Espresso,1.0,3.5,3.5,7.5
2020-03-31 11:07:43+00:00,Aztt2oa1jc8NJaXq6nqkH1peV,Espresso,1.0,4.0,4.0,8.5
2020-03-31 08:50:02+00:00,g3zdlX7tKEnX8jKBJYn4kSmeV,Espresso,1.0,3.5,3.5,3.5
2020-03-27 13:01:38+00:00,oXR3SpDc6d8hNYXRpQBHe2veV,Espresso,1.0,3.5,3.5,3.5
2020-03-26 16:01:33+00:00,EnYw5BjF35CcgvDafL7GLMieV,Espresso,-1.0,5.0,-4.5,-8.55
2020-03-26 15:50:42+00:00,yAVK9gaROHXhj4cC8LaLyTieV,Espresso,1.0,5.0,4.5,8.55
2020-03-25 15:51:53+00:00,YteCOslA7ipMSin4CJ3RlaxeV,Espresso,1.0,4.0,4.0,4.0
2020-03-25 15:48:53+00:00,cLWzmPClWhKf6JlguyFGaIteV,Espresso,1.0,4.0,4.0,4.0
2020-03-25 10:48:58+00:00,ADnQPq2eZ90oj3wioPHQeF8eV,Espresso,1.0,4.0,4.0,4.0
2020-03-25 10:32:16+00:00,IbJSaIjZ5ZTS3zhcpjFDsqyeV,Espresso,1.0,4.0,4.0,4.0
2020-03-24 15:37:58+00:00,ymWvGVo8QhmSxmXiJ5Bzd0neV,Espresso,1.0,4.0,4.0,9.0
2020-03-23 09:57:34+00:00,cpNlLGcGMSP8aUh0uH6gwmteV,Espresso,1.0,4.0,4.0,4.0
2020-03-20 12:57:53+00:00,0zoJc5EVgt4RlyijXSr5yHreV,Espresso,1.0,4.0,4.0,11.5
2020-03-19 12:54:34+00:00,8TCbKb5ZbfqCP2VtnuNvRLreV,Espresso,1.0,4.0,4.0,14.0
2020-03-19 09:21:46+00:00,gJgPhdF6poBZZHvZP3pzCv5eV,Espresso,2.0,3.5,7.0,7.0
2020-03-18 14:20:33+00:00,CiekBn1muJaSlTeYbAsL3d9eV,Espresso,1.0,3.5,3.5,3.5
2020-03-18 10:24:36+00:00,w50B0qHpIL2pd84C0kTdUhheV,Espresso,1.0,4.0,4.0,12.5
2020-03-17 15:34:16+00:00,8DiBrTZYWkxSNtResUuEaMjeV,Espresso,1.0,3.5,3.5,3.5
2020-03-17 14:53:07+00:00,iiS6veIa84qR4d6EiUiTH2reV,Espresso,1.0,4.0,4.0,9.0
2020-03-17 08:29:59+00:00,KmicWoVlTdeHBlxuSw9hyb4eV,Espresso,1.0,3.5,3.5,3.5
2020-03-16 16:41:58+00:00,WkoFMmtrJIUaNMVaWLtV58peV,Espresso,1.0,3.5,3.5,8.5
2020-03-16 14:09:51+00:00,OAuajh4EZyy6PDPBvr7FRS7eV,Espresso,2.0,4.0,8.0,8.0
2020-03-16 09:48:08+00:00,8RDe7zL5HR5VLQnKb3dZcfueV,Espresso,1.0,4.0,4.0,4.0
2020-03-12 17:55:57+00:00,CMTQRCwZ9pikXJHZ2Lrjns7eV,Espresso,1.0,3.5,3.5,3.5
2020-03-12 11:50:26+00:00,wDBNe1lCf3vZkliTQKMINf3eV,Espresso,1.0,3.5,3.5,7.5
2020-03-12 05:39:03+00:00,SG8Wcso20gj4S6bSlwIBdyweV,Espresso,1.0,3.5,3.5,13.5
2020-03-11 17:44:03+00:00,oN0fWYAxVwfI2TlI9ILEwekeV,Espresso,1.0,3.5,3.5,28.5
2020-03-11 13:57:02+00:00,iuIgqujAtRcxfaqdginJNM7eV,Espresso,1.0,3.5,3.5,13.5
2020-03-10 17:01:21+00:00,0VLq85RyqJgBEvvSZxzMPHfeV,Espresso,1.0,4.5,4.05,13.05
2020-03-10 12:15:13+00:00,kbYPRRUfPaBTtH9JiDygK55eV,Espresso,1.0,3.5,2.63,6.38
2020-03-09 13:09:13+00:00,4bPf4mzvRvQIGNSkQ44vKNueV,Espresso,1.0,3.5,3.5,3.5
2020-03-09 09:03:02+00:00,oJWDfOR6Edj21rdTckSz2HxeV,Espresso,1.0,4.0,4.0,4.0
2020-03-06 14:41:27+00:00,0l1ruwG0odvmXe5hlplNzB7eV,Espresso,1.0,4.0,0.0,0.0
2020-03-06 12:21:08+00:00,gRqKXM8VofBq8zp2b7mWYOneV,Espresso,1.0,5.0,5.0,10.0
2020-03-06 11:48:01+00:00,MBP6Bu8kqWgCKBfMFsJMidveV,Espresso,1.0,3.5,3.5,3.5
2020-03-06 11:41:38+00:00,aKs6usvTke2qdiUKZESK6XfeV,Espresso,1.0,3.5,3.5,3.5
2020-03-06 10:05:24+00:00,kT2Wesx3x05Bgr7CJi1nSKoeV,Espresso,3.0,4.0,12.0,12.0
2020-03-05 14:52:32+00:00,GSFEJNnEzDeSM7NX822lYqveV,Espresso,1.0,3.5,3.5,12.5
2020-03-04 13:56:59+00:00,ysNXTAKiI3X6Jqa3s9rfoXoeV,Espresso,1.0,4.0,4.0,8.5
2020-03-03 16:04:03+00:00,8LObSnctByY7cOIOV6C2nmjeV,Espresso,1.0,4.0,4.0,4.0
2020-03-02 13:51:45+00:00,ukyBwDvG58MiXa5oGDpDV32eV,Espresso,1.0,3.5,3.5,3.5
2020-02-28 13:41:48+00:00,cVDTWCT7izj8fyR7rrLSmd0eV,Espresso,2.0,3.5,7.0,18.0
2020-02-28 11:42:09+00:00,w5SW9fuIIFv6hclX0GgtX6veV,Espresso,1.0,4.0,3.6,8.55
2020-02-27 15:25:24+00:00,WixkbJGOvFfz3RNVX9o0ZYzeV,Espresso,2.0,4.0,7.2,20.7
2020-02-26 13:40:48+00:00,8VFsOfeX5zcZRIkV7n87tk2eV,Espresso,1.0,4.0,4.0,10.0
2020-02-25 16:17:46+00:00,I7Jo16dNi2rvrYVBWz9asjAfV,Espresso,1.0,3.5,3.5,3.5
2020-02-25 15:25:42+00:00,U57jJkLJzbiMlRvsXgIocWzeV,Espresso,1.0,5.0,4.5,9.0
2020-02-24 12:01:59+00:00,26n5pLPekiaGXAiEleEUGxweV,Espresso,1.0,4.0,4.0,4.0
2020-02-24 08:16:59+00:00,gXzFltIsS1d2sndyY2oaqC8eV,Espresso,1.0,4.0,3.0,3.0
2020-02-21 14:43:05+00:00,kTySlkXZFpMjBwdUl9xsIiieV,Espresso,1.0,4.0,4.0,9.0
2020-02-20 14:44:25+00:00,mizNqNnrbzGEG2Aa61M5CrkeV,Espresso,1.0,3.5,3.5,3.5
2020-02-20 13:46:45+00:00,2gK9vx8ISVXFNM5mUJdiAdheV,Espresso,1.0,4.0,4.0,10.0
2020-02-19 16:17:09+00:00,MpptnfBOKhyQKzft9VcBiUieV,Espresso,1.0,4.0,3.6,18.0
2020-02-18 15:36:38+00:00,eUUIsYzJ8LL4s6C0Aeagi8qeV,Espresso,1.0,3.5,3.5,3.5
2020-02-18 15:23:13+00:00,g90COg0FUJsVtulc9AZeKKzeV,Espresso,1.0,5.0,4.5,9.0
2020-02-18 11:35:26+00:00,kHW1yjV3rtDDiVxVviLPjs7eV,Espresso,2.0,4.0,8.0,13.0
2020-02-17 17:41:27+00:00,i4N6TUvb7RY5wnfRnGJBgmmeV,Espresso,1.0,3.5,3.5,3.5
2020-02-17 14:41:27+00:00,C49aZofyTpqZakOaanUmLYueV,Espresso,1.0,3.5,3.5,16.5
2020-02-14 15:56:17+00:00,IVAL4GSkICJNBVTETUhmufseV,Espresso,1.0,5.0,4.5,13.95
2020-02-14 14:46:09+00:00,I1U9yzqTl3nNRZw8w0kEZFveV,Espresso,1.0,4.0,4.0,4.0
2020-02-14 14:17:32+00:00,wBgHxAzNgItxt8SEPp6VN9peV,Espresso,2.0,4.0,0.0,0.0
2020-02-14 13:40:52+00:00,UN3WygyIhWSEDx0dotlrPxyeV,Espresso,1.0,3.5,0.0,0.0
2020-02-13 14:41:34+00:00,gvnT6HvyeR43lV9y6E9Mu4xeV,Espresso,2.0,4.0,8.0,8.0
2020-02-13 13:19:42+00:00,OuzvwS1xlyOfrShOzJT1espeV,Espresso,1.0,3.5,3.5,11.5
2020-02-11 16:33:38+00:00,ArvuJEHVdPyFvMjX90wfMkkeV,Espresso,1.0,4.5,4.05,20.25
2020-02-11 14:19:24+00:00,WOJLCd7t7I79ejQV51EoySseV,Espresso,1.0,4.0,4.0,13.0
2020-02-11 13:41:59+00:00,gXPnTPS5P9S2dWf6SfQmrKueV,Espresso,1.0,3.5,3.5,3.5
2020-02-11 13:14:37+00:00,oZQCURsFXqSwpGvwdQDKMLseV,Espresso,1.0,4.0,4.0,9.0
2020-02-07 16:24:28+00:00,Saa8GoNZ8DxLePwaXrFh622eV,Espresso,1.0,4.0,3.6,8.1
2020-02-07 14:49:32+00:00,eI2oUlbqlkQQ0qxVLAazqyueV,Espresso,1.0,3.5,3.5,9.0
2020-02-06 16:00:11+00:00,Gy9aGLJjC0wI8GEEMcpMKmieV,Espresso,1.0,3.5,3.5,17.5
2020-02-04 14:14:33+00:00,wzFvOMsz97cJFE7dDl4I1ooeV,Espresso,1.0,5.0,4.5,4.5
2020-02-04 08:09:35+00:00,IrRSa4XH7ygqvMz6WGfgrykeV,Espresso,1.0,4.0,4.0,4.0
2020-01-29 15:29:07+00:00,icDKCMRB5pg72pz8IBqOYB3eV,Espresso,1.0,3.5,3.15,3.15
2020-01-29 11:23:15+00:00,uCFvKB9ouD7jAgJrVjG3KcmeV,Espresso,1.0,4.0,4.0,4.0
2020-01-29 09:11:02+00:00,aaqBckJDBMbSJ4Cie7Gj6u9eV,Espresso,1.0,4.0,3.6,7.2
2020-01-28 15:17:37+00:00,gvUUHT38OOlRP8OdphKdUI7eV,Espresso,1.0,4.0,4.0,8.0
2020-01-24 13:32:48+00:00,iA4owSA3cbwsiMtOFhQdSKzeV,Espresso,1.0,3.5,3.5,11.0
2020-01-23 10:16:23+00:00,sBgtsSSH3UPdOW9JP32OCBjeV,Espresso,1.0,4.0,4.0,4.0
2020-01-22 11:37:21+00:00,q4C8UHBBfHYxTd9PuAzmDq3eV,Espresso,1.0,4.0,4.0,4.0
2020-01-22 08:20:10+00:00,wLEpqGM1w6j2R2XAGBB2cRleV,Espresso,2.0,3.5,5.25,14.25
2020-01-21 16:55:49+00:00,iEam9rfxFkFlWw3hrS8PEbteV,Espresso,1.0,4.0,4.0,4.0
2020-01-21 16:08:45+00:00,oBXwevJ7Mfcwo5oQZQfe44jeV,Espresso,1.0,4.0,4.0,12.0
2020-01-20 14:19:38+00:00,YpnKVjZ5bQDI3VsLKA6Z42reV,Espresso,1.0,4.0,4.0,4.0
2020-01-20 10:50:50+00:00,aylR8ejOnYsTOgYlHI6AZAteV,Espresso,1.0,4.0,3.6,19.8
2020-01-17 16:34:11+00:00,kTZ2jlmd6MCtbrlDvaifR32eV,Espresso,1.0,4.0,4.0,9.0
2020-01-17 13:48:32+00:00,qskEy3orldY1Tc7zRLgvKhweV,Espresso,1.0,3.5,3.5,10.5
2020-01-15 16:58:42+00:00,OWMg1DsnsK37Jl40k5Yc56heV,Espresso,1.0,3.5,3.15,3.15
2020-01-14 12:01:46+00:00,i44ERAGECV8c4FQkBg9z742eV,Espresso,2.0,3.5,7.0,7.0
2020-01-13 16:58:10+00:00,MJ6AAJG1GDOFwJHmh0bDXEleV,Espresso,1.0,4.0,4.0,9.0
2020-01-13 13:43:26+00:00,OUv2rrvInGGAZbtKdSUAYq1eV,Espresso,1.0,4.0,3.6,3.6
2020-01-10 13:38:40+00:00,qe1EkDW3ezTlEWT4drGSNboeV,Espresso,1.0,3.5,3.5,8.5
2020-01-09 17:04:57+00:00,y8ykQzAAswM19wg0PP4HAYleV,Espresso,1.0,4.0,3.6,3.6
2020-01-09 13:57:01+00:00,IvGOjqEM4aOqUnxOhah6xr6eV,Espresso,1.0,3.5,0.0,0.0
2020-01-07 14:19:18+00:00,eSgLgr9FaXl7Pp1aFxmcbvweV,Espresso,1.0,4.0,4.0,4.0
2020-01-07 09:40:09+00:00,oZfKCAclLXpVe0g3eV7tao5eV,Espresso,1.0,4.0,4.0,4.0
2020-01-06 15:10:22+00:00,IZrm11j6s5M1pqdIrj1O8BneV,Espresso,1.0,3.5,3.5,3.5
2020-01-03 15:53:14+00:00,S67vJnnoyCkCEqkXSdb4z4ueV,Espresso,2.0,4.0,8.0,29.0
2020-01-03 13:49:01+00:00,yajXP8TLEBEpDziThHYjwSteV,Espresso,2.0,3.5,7.0,19.0
2020-01-03 13:35:20+00:00,aalVrWPMJUtqcnsVIp1p6D2eV,Espresso,1.0,3.5,3.5,3.5
2020-01-03 10:19:36+00:00,szLcJPUfOgG2iMGVNrPDEdfeV,Espresso,1.0,4.0,4.0,4.0
2020-01-02 09:00:42+00:00,YP6Aodemz3p9am0k1joGUu0eV,Espresso,1.0,3.5,3.5,8.5
2020-12-20 08:28:20+00:00,GcmaL8VCJPzlukT3FF0FJ42eV,Espresso,1.0,4.0,4.5,10.0
2020-12-20 08:06:28+00:00,6gNDJJ6SMbqOfbMBvMA72ozeV,Espresso,1.0,4.0,4.0,19.0
2020-12-20 04:46:56+00:00,W0S0N5McbeNmvCXsprzMf12eV,Espresso,1.0,3.5,3.15,17.55
2020-12-20 04:46:56+00:00,W0S0N5McbeNmvCXsprzMf12eV,Espresso,1.0,4.0,3.6,17.55
2020-12-20 03:40:38+00:00,m6zfqtowCl8q0u8gk0JpQU2eV,Espresso,1.0,3.5,4.0,11.5
2020-12-19 05:45:09+00:00,W2J9eAno8NmPaC2dwlz1Xa2eV,Espresso,1.0,3.5,3.5,8.0
2020-12-19 05:45:00+00:00,8XQv3ebO2gLCaUjZtyilwWxeV,Espresso,1.0,4.0,3.6,8.1
2020-12-19 05:18:30+00:00,iqCkRWs55jiR9RLMhQRdQtieV,Espresso,1.0,4.0,4.5,4.5
2020-12-19 03:43:14+00:00,qUjjZar54OYibWdVyOscGP3eV,Espresso,1.0,3.5,4.0,4.0
2020-12-19 03:40:57+00:00,26TD1aOa2N9HIqw3sobZDUreV,Espresso,1.0,4.0,4.0,16.5
2020-12-19 02:57:58+00:00,8vQlpIJpq0iPOsPqx5cSUs0eV,Espresso,1.0,3.5,3.5,8.0
2020-12-19 01:40:34+00:00,gnlut2d4OMKEEcu90W0D1gweV,Espresso,1.0,4.0,4.5,4.5
2020-12-19 01:28:18+00:00,4zdelPym6jeAYOMmTDGzxC0eV,Espresso,1.0,4.0,4.0,4.0
2020-12-20 08:28:20+00:00,GcmaL8VCJPzlukT3FF0FJ42eV,Espresso,1,4.0,4.5,10.0
2020-12-20 08:06:28+00:00,6gNDJJ6SMbqOfbMBvMA72ozeV,Espresso,1,4.0,4.0,19.0
2020-12-20 04:46:56+00:00,W0S0N5McbeNmvCXsprzMf12eV,Espresso,1,3.5,3.15,17.55
2020-12-20 04:46:56+00:00,W0S0N5McbeNmvCXsprzMf12eV,Espresso,1,4.0,3.6,17.55
2020-12-20 03:40:38+00:00,m6zfqtowCl8q0u8gk0JpQU2eV,Espresso,1,3.5,4.0,11.5
2020-12-19 05:45:09+00:00,W2J9eAno8NmPaC2dwlz1Xa2eV,Espresso,1,3.5,3.5,8.0
2020-12-19 05:45:00+00:00,8XQv3ebO2gLCaUjZtyilwWxeV,Espresso,1,4.0,3.6,8.1
2020-12-19 05:18:30+00:00,iqCkRWs55jiR9RLMhQRdQtieV,Espresso,1,4.0,4.5,4.5
2020-12-19 03:43:14+00:00,qUjjZar54OYibWdVyOscGP3eV,Espresso,1,3.5,4.0,4.0
2020-12-19 03:40:57+00:00,26TD1aOa2N9HIqw3sobZDUreV,Espresso,1,4.0,4.0,16.5
2020-12-19 02:57:58+00:00,8vQlpIJpq0iPOsPqx5cSUs0eV,Espresso,1,3.5,3.5,8.0
